id,type,name,sort_as,last_updated,last_updated_by
66a14a51-97e0-44da-a2b4-eddcd1372540,Work,"Rosenblad, Rosenblad","Rosenblad, Rosenblad",2011-10-15,testdataloader
1e739e52-746e-4e44-bed0-d317b58af372,Work,"Generalens Visa","Generalens Visa",2011-10-15,testdataloader
da30c55d-4d0e-435c-aad9-d9caf75a7550,Work,"Apollinaire","Apollinaire",2011-10-15,testdataloader
eb17b684-b0a5-4591-8b5a-1f9ab8f25f6c,Work,"Fåglar","Fåglar",2011-10-15,testdataloader
1c79d94d-d103-4945-8981-0782ae8368ad,Work,"Jag","Jag",2011-10-15,testdataloader
fa0a9a97-4b8c-4fd2-b7b2-eb24b198a263,Work,"Hajarú De Då Jack","Hajarú De Då Jack",2011-10-15,testdataloader
c933a8d0-c291-4e82-adfa-2270a40d5b9c,Work,"Morbror Frans","Morbror Frans",2011-10-15,testdataloader
50bb1fb2-4d5d-4ac9-82af-b7d48255e1ca,Work,"Huvudlösen För Aftonen","Huvudlösen För Aftonen",2011-10-15,testdataloader
ef280e3d-9118-42fb-b84b-ad3159116dd3,Work,"Etta","Etta",2011-10-15,testdataloader
8b4a7aba-7683-4590-99fe-adcb4ca1b4cb,Work,"Märk Hur Vår Skugga","Märk Hur Vår Skugga",2011-10-15,testdataloader
1510aa0e-ecf8-4dcb-b3cf-a48981901c5d,Work,"Blues För Inga-Maj","Blues För Inga-Maj",2011-10-15,testdataloader
ffdee801-2078-48cd-a38d-e1c832b6393a,Work,"Ett Brev","Ett Brev",2011-10-15,testdataloader
e755147d-9dff-4a0d-a15c-a1e8aa01b061,Work,"Cool Water - På Den Gyldene Freden","Cool Water - På Den Gyldene Freden",2011-10-15,testdataloader
cd940b00-20fb-4e7e-94e5-79a37910e84a,Work,"Ett Gammalt Bergtroll","Ett Gammalt Bergtroll",2011-10-15,testdataloader
c2987099-ca23-4d40-80dc-953e70dd400b,Work,"Sonja Och Siw","Sonja Och Siw",2011-10-15,testdataloader
4cbc5998-b1db-4f7e-9591-310ce7dd3295,Work,"Predikan","Predikan",2011-10-15,testdataloader
3eeac2fc-7759-441a-90a0-12e6270d0152,Work,"Elisabeth","Elisabeth",2011-10-15,testdataloader
455edb27-2ade-4b9d-8d8e-1bce7df35a9a,Work,"Hemställan","Hemställan",2011-10-15,testdataloader
d081cd1a-d7f6-43d7-a683-941561e0229b,Work,"En Visa Till Gagga","En Visa Till Gagga",2011-10-15,testdataloader
3058934a-f59b-4354-8ed3-de38dbed6276,Work,"Ågren","Ågren",2011-10-15,testdataloader
fb3346d1-5d90-4ff6-a207-527aa463f38b,Work,"Hopplös Blues","Hopplös Blues",2011-10-15,testdataloader
d6453237-f425-43b1-9398-0350675f7971,Work,"Skulle Iagh Söria Såå Wore Iagh Tokott","Skulle Iagh Söria Såå Wore Iagh Tokott",2011-10-15,testdataloader
c3e54ab3-6c55-4646-acec-c2d85c70fbfd,Work,"Transkription Till D´artagnan","Transkription Till D´artagnan",2011-10-15,testdataloader
ff3ae2ab-1079-4065-934e-df225b69333e,Work,"Anna Själv Tredje","Anna Själv Tredje",2011-10-15,testdataloader
8e12c647-c1ab-46e8-929a-2bd00fdc3e0f,Work,"En Viss Sorts Samba","En Viss Sorts Samba",2011-10-15,testdataloader
