id,parent_id,name,sort_as,last_updated,last_updated_by
1090c81f-b8cd-4d03-bfd7-242e88c6ce47,NULL,"Tannhäuser","Tannhäuser",2011-10-16,testdataloader
1863a0d9-04b0-46c0-a7e3-917c5bd072f3,1090c81f-b8cd-4d03-bfd7-242e88c6ce47,"Ouvertüre","Ouvertüre",2011-10-16,testdataloader
fc568f26-5fcb-440f-8bf4-95e460823071,1090c81f-b8cd-4d03-bfd7-242e88c6ce47,"Act One - Erster Aufzug","Act One - Erster Aufzug",2011-10-16,testdataloader
54fc43df-a6bd-4b0c-8ece-baeb21ce215d,fc568f26-5fcb-440f-8bf4-95e460823071,"Scene One - Erster Auftritt","Scene One - Erster Auftritt",2011-10-16,testdataloader
9115cc5d-a4ad-48a4-9814-f0e19d36f10c,54fc43df-a6bd-4b0c-8ece-baeb21ce215d,"Naht Euch Dem Strande!","Naht Euch Dem Strande!",2011-10-16,testdataloader
345b0a0b-25d4-4084-ae3b-d3893772770c,fc568f26-5fcb-440f-8bf4-95e460823071,"Scene Two - Zweiter Auftritt","Scene Two - Zweiter Auftritt",2011-10-16,testdataloader
42559175-f97d-42e2-b8b1-ce796267e1e1,345b0a0b-25d4-4084-ae3b-d3893772770c,"Geliebter, Sag, Wo Weilt Dein Sinn?","Geliebter, Sag, Wo Weilt Dein Sinn?",2011-10-16,testdataloader
e7b0051c-6bd9-4096-bd06-8e499d039715,345b0a0b-25d4-4084-ae3b-d3893772770c,"Dir Töne Lob","Dir Töne Lob",2011-10-16,testdataloader
322820cd-a22c-4672-bd68-adee4375ea46,345b0a0b-25d4-4084-ae3b-d3893772770c,"Dank Deiner Huld!","Dank Deiner Huld!",2011-10-16,testdataloader
5e07a5ca-9e9c-4f6c-9cb8-666d3b8d7351,345b0a0b-25d4-4084-ae3b-d3893772770c,"Geliebter, Komm! Sieh Dort Die Grotte","Geliebter, Komm! Sieh Dort Die Grotte",2011-10-16,testdataloader
4d49a754-fd20-4bd8-b3b5-9cea14724a03,345b0a0b-25d4-4084-ae3b-d3893772770c,"Stets Soll Nur Dir Mein Lied Ertönen","Stets Soll Nur Dir Mein Lied Ertönen",2011-10-16,testdataloader
75262781-98f4-47f1-8879-e11c7fc8b6c3,345b0a0b-25d4-4084-ae3b-d3893772770c,"Zieh Hin, Wahnbetörter","Zieh Hin, Wahnbetörter",2011-10-16,testdataloader
dd387ce1-0a63-4359-b5ba-c5299bd6d7b7,345b0a0b-25d4-4084-ae3b-d3893772770c,"Nein! Mein Stolz Soll Dir Den Jammer Sparen","Nein! Mein Stolz Soll Dir Den Jammer Sparen",2011-10-16,testdataloader
48b47a2a-1dc8-4ebd-9daf-7b5354af8667,fc568f26-5fcb-440f-8bf4-95e460823071,"Scene Three - Dritter Auftritt","Scene Three - Dritter Auftritt",2011-10-16,testdataloader
0c64bd2c-46fe-478b-9aba-7fc97bb117dc,48b47a2a-1dc8-4ebd-9daf-7b5354af8667,"Frau Holda Kam Aus Dem Berg Hervor","Frau Holda Kam Aus Dem Berg Hervor",2011-10-16,testdataloader
43c2670f-3248-4b6e-9336-799473d8f347,48b47a2a-1dc8-4ebd-9daf-7b5354af8667,"Zu Dir Wall Ich, Mein Jesus Christ","Zu Dir Wall Ich, Mein Jesus Christ",2011-10-16,testdataloader
265947f1-0401-4960-89d3-c19b02cbb236,fc568f26-5fcb-440f-8bf4-95e460823071,"Scene Four - Vierter Auftritt","Scene Four - Vierter Auftritt",2011-10-16,testdataloader
7dd6a6af-db1f-4c94-851b-3de55d4482c0,265947f1-0401-4960-89d3-c19b02cbb236,"Wer Ist Der Dort Im Brünstigen Gebete","Wer Ist Der Dort Im Brünstigen Gebete",2011-10-16,testdataloader
3bec580e-344c-438e-8fd4-cf6d5e8046ba,265947f1-0401-4960-89d3-c19b02cbb236,"Als Du Im Kühnen Sange Uns Bestrittest","Als Du Im Kühnen Sange Uns Bestrittest",2011-10-16,testdataloader
033c8f83-4b7b-49a4-a08f-8ad117db034e,1090c81f-b8cd-4d03-bfd7-242e88c6ce47,"Act Two - Zweiter Aufzug","Act Two - Zweiter Aufzug",2011-10-16,testdataloader
5ab9438f-48bd-4f8a-adc5-c8ef08f696bf,033c8f83-4b7b-49a4-a08f-8ad117db034e,"Scene One - Erster Auftritt","Scene One - Erster Auftritt",2011-10-16,testdataloader
a15988a1-0887-4627-996f-fa573a149ce9,5ab9438f-48bd-4f8a-adc5-c8ef08f696bf,"Introduction - Einleitung","Introduction - Einleitung",2011-10-16,testdataloader
c31e4418-acd1-419f-bd4a-a8c966984f9d,a15988a1-0887-4627-996f-fa573a149ce9,"Dich, Teure Halle, Grüß Ich Wieder","Dich, Teure Halle, Grüß Ich Wieder",2011-10-16,testdataloader
21795233-dfcf-458c-a5c2-bb0412591da6,033c8f83-4b7b-49a4-a08f-8ad117db034e,"Scene Two - Zweiter Auftritt","Scene Two - Zweiter Auftritt",2011-10-16,testdataloader
95fd8862-b78e-432a-bb6e-960613f46967,21795233-dfcf-458c-a5c2-bb0412591da6,"Dort Ist Sie; Nahe Dich Ihr Ungestört!","Dort Ist Sie; Nahe Dich Ihr Ungestört!",2011-10-16,testdataloader
f1a6ead3-395c-4acc-9e92-e8552ebfcd45,21795233-dfcf-458c-a5c2-bb0412591da6,"Den Gott Der Liebe Sollst Du Preisen","Den Gott Der Liebe Sollst Du Preisen",2011-10-16,testdataloader
3acc29f2-98c3-4a1e-afdf-ca7cbe6fb5f6,033c8f83-4b7b-49a4-a08f-8ad117db034e,"Scene Three - Dritter Auftritt","Scene Three - Dritter Auftritt",2011-10-16,testdataloader
c5885f12-8740-49c3-8f2e-34f1c3dbf81e,3acc29f2-98c3-4a1e-afdf-ca7cbe6fb5f6,"Dich Treff Ich Hier In Dieser Halle","Dich Treff Ich Hier In Dieser Halle",2011-10-16,testdataloader
6e501673-ab1c-457a-9661-0d11af16a532,033c8f83-4b7b-49a4-a08f-8ad117db034e,"Scene Four - Vierter Auftritt","Scene Four - Vierter Auftritt",2011-10-16,testdataloader
38128d62-13f0-4d01-b36b-4652fc0d2493,6e501673-ab1c-457a-9661-0d11af16a532,"Arrival Of The Guests - Einzug Der Gäste","Arrival Of The Guests - Einzug Der Gäste",2011-10-16,testdataloader
6e1a8edf-a67d-4f90-b6bf-b189d28b3835,6e501673-ab1c-457a-9661-0d11af16a532,"Freudig Begrüßen Wir Die Edle Halle","Freudig Begrüßen Wir Die Edle Halle",2011-10-16,testdataloader
d107bc1b-20f0-48d5-bb82-e37355a86ae1,6e501673-ab1c-457a-9661-0d11af16a532,"Gar Viel Und Schön Ward Hier In Dieser Halle","Gar Viel Und Schön Ward Hier In Dieser Halle",2011-10-16,testdataloader
1591aab9-116c-4888-b960-c011454ad06e,6e501673-ab1c-457a-9661-0d11af16a532,"Blick' Ich Umher In Diesem Edlen Kreise","Blick' Ich Umher In Diesem Edlen Kreise",2011-10-16,testdataloader
a38755e3-661e-4e49-b0a4-008f347c6176,6e501673-ab1c-457a-9661-0d11af16a532,"Auch Ich Darf Mich So Glücklich Nennen","Auch Ich Darf Mich So Glücklich Nennen",2011-10-16,testdataloader
2d0599bf-053f-41c9-b3ee-f414db27703b,6e501673-ab1c-457a-9661-0d11af16a532,"Den Bronnen, Den Uns Wolfram Nannte","Den Bronnen, Den Uns Wolfram Nannte",2011-10-16,testdataloader
43a0b3d1-1c05-4677-b041-128e789e75b6,6e501673-ab1c-457a-9661-0d11af16a532,"O Walther, Der Du Also Sangest","O Walther, Der Du Also Sangest",2011-10-16,testdataloader
d2cb7b80-2d7e-4b90-89a4-278d64969bd0,6e501673-ab1c-457a-9661-0d11af16a532,"Heraus Zum Kampfe Mit Uns Allen!","Heraus Zum Kampfe Mit Uns Allen!",2011-10-16,testdataloader
f730996f-650f-4a9e-aaad-ab0c24b7b1c4,6e501673-ab1c-457a-9661-0d11af16a532,"O Himmel, Lass Dich Jetzt Erflehen","O Himmel, Lass Dich Jetzt Erflehen",2011-10-16,testdataloader
5f2feb33-168d-49ce-90be-c01a37f9e393,6e501673-ab1c-457a-9661-0d11af16a532,"Ha, Der Verruchte!","Ha, Der Verruchte!",2011-10-16,testdataloader
2dd07fb4-c139-4710-8512-b54f6b12b230,6e501673-ab1c-457a-9661-0d11af16a532,"Der Unglücksel'ge, Den Gefangen","Der Unglücksel'ge, Den Gefangen",2011-10-16,testdataloader
10bc958c-c7fa-4c0d-aaca-8642bb2d6dd8,6e501673-ab1c-457a-9661-0d11af16a532,"Weh! Weh Mir Unglücksel'gem","Weh! Weh Mir Unglücksel'gem",2011-10-16,testdataloader
48733175-0a84-4f39-8238-256930a3f4de,6e501673-ab1c-457a-9661-0d11af16a532,"Ein Furchtbares Verbrechen Ward Begangen","Ein Furchtbares Verbrechen Ward Begangen",2011-10-16,testdataloader
03feba51-f09f-48f3-80b9-f33b085ec723,6e501673-ab1c-457a-9661-0d11af16a532,"Versammelt Sind Aus Meinen Landen","Versammelt Sind Aus Meinen Landen",2011-10-16,testdataloader
2f908ee8-e729-41f5-ba4e-08755ba6ae34,1090c81f-b8cd-4d03-bfd7-242e88c6ce47,"Act Three - Dritter Aufzug","Act Three - Dritter Aufzug",2011-10-16,testdataloader
d526eed1-3fad-48ef-8615-43b0a2e4ce76,2f908ee8-e729-41f5-ba4e-08755ba6ae34,"Introduction - Einleitung","Introduction - Einleitung",2011-10-16,testdataloader
dd4b9d2c-d6df-4d66-bb0a-7151b3646267,d526eed1-3fad-48ef-8615-43b0a2e4ce76,"Tannhäuser's Pilgrimage - Tannhäusers Pilgerfahrt","Tannhäuser's Pilgrimage - Tannhäusers Pilgerfahrt",2011-10-16,testdataloader
043e0924-c71d-4a52-b767-c5c0c750bab2,2f908ee8-e729-41f5-ba4e-08755ba6ae34,"Scene One - Erster Auftritt","Scene One - Erster Auftritt",2011-10-16,testdataloader
00085e07-7302-4d43-a033-49b1c0e4abe7,043e0924-c71d-4a52-b767-c5c0c750bab2,"Wohl Wußt' Ich Hier Sie Im Gebet Zu Finden","Wohl Wußt' Ich Hier Sie Im Gebet Zu Finden",2011-10-16,testdataloader
60cf1255-4663-4fbf-88d3-a34daa41ffb4,043e0924-c71d-4a52-b767-c5c0c750bab2,"Beglückt Darf Nun Dich, O Heimat, Ich Schauen","Beglückt Darf Nun Dich, O Heimat, Ich Schauen",2011-10-16,testdataloader
c1609f11-9f90-49ba-bb40-5fc536cd8ca8,043e0924-c71d-4a52-b767-c5c0c750bab2,"Allmächt'ge Jungfrau, Hör Mein Flehen!","Allmächt'ge Jungfrau, Hör Mein Flehen!",2011-10-16,testdataloader
b30aa9b0-46fc-476e-98e4-0889f0582381,2f908ee8-e729-41f5-ba4e-08755ba6ae34,"Scene Two - Zweiter Auftritt","Scene Two - Zweiter Auftritt",2011-10-16,testdataloader
ca394e17-b7e3-4263-86a8-2ff2ec35264b,b30aa9b0-46fc-476e-98e4-0889f0582381,"Wie Todesahnung Dämmrung Deckt Die Lande","Wie Todesahnung Dämmrung Deckt Die Lande",2011-10-16,testdataloader
74eb12b8-aae7-43b1-892d-5fcbb0d24b70,b30aa9b0-46fc-476e-98e4-0889f0582381,"O Du, Mein Holder Abendstern","O Du, Mein Holder Abendstern",2011-10-16,testdataloader
f527fd97-7374-4d7d-9ec2-26b8dd9ba326,2f908ee8-e729-41f5-ba4e-08755ba6ae34,"Scene Three - Dritter Auftritt","Scene Three - Dritter Auftritt",2011-10-16,testdataloader
ee2e1ea2-f8c7-4058-ab59-1520fdcf675b,f527fd97-7374-4d7d-9ec2-26b8dd9ba326,"Ich Hörte Harfenschlag","Ich Hörte Harfenschlag",2011-10-16,testdataloader
fa8ae850-2d29-44de-ac05-b957afd9062e,f527fd97-7374-4d7d-9ec2-26b8dd9ba326,"Inbrunst Im Herzen","Inbrunst Im Herzen",2011-10-16,testdataloader
5a027197-26fc-4101-b7d0-b0664d695df5,f527fd97-7374-4d7d-9ec2-26b8dd9ba326,"Dann Zog's Mich, Wo Ich Der Wonn Und Lust","Dann Zog's Mich, Wo Ich Der Wonn Und Lust",2011-10-16,testdataloader
82549000-40e2-4754-b03b-96ce10af69e9,f527fd97-7374-4d7d-9ec2-26b8dd9ba326,"Willkommen, Ungetreuer Mann!","Willkommen, Ungetreuer Mann!",2011-10-16,testdataloader
1647ffe3-6cda-4809-ba74-37236bceb0a6,f527fd97-7374-4d7d-9ec2-26b8dd9ba326,"Heil! Der Gnade Wunder Heil!","Heil! Der Gnade Wunder Heil!",2011-10-16,testdataloader
