id,name,last_updated,last_updated_by
a1fe81bc-1b95-421b-b956-f9fb379cfa8c,Dolly Rebecca Parton,2010-10-01,testdataloader
d0b593bc-d6cf-40d9-aa6a-27eb2d42952d,Ricky Minor,2010-10-01,testdataloader
e8ba872e-e5d3-439a-92b0-a01f64c40c85,Kenneth Brian Edmonds,2010-10-01,testdataloader
fc8cf598-d53e-47e0-ab0f-314a70993495,Daryl L. Simmons,2010-10-01,testdataloader
73e3de3e-a145-416f-8099-b598c8b3a3ae,Antonio M. Reid,2010-10-01,testdataloader
20059d83-f258-4435-8fc2-6c86877f7ed8,Whitney Elisabeth Houston,2010-10-01,testdataloader
97625d65-8c86-4bcc-bce0-a03b9c26f7e4,"William Harrison Withers, Jr.",2010-10-01,testdataloader
574f3a07-c786-467a-8bbc-8ddf516fe666,David Bryon Cole,2010-10-01,testdataloader
c2301383-458b-4f9c-9382-a731663b7f23,Robert Manuel Clivilles,2010-10-01,testdataloader
bab45376-d3a7-43b4-9774-10e8b333aefe,Clarence Alexander Scarborough,2010-10-01,testdataloader
7059017e-ba09-4e5a-8730-198028e29e05,Tommy Never,2010-10-01,testdataloader
d5463bce-e676-4eec-899a-edfe25a98626,Alan Antonio Silverstri,2010-10-01,testdataloader
85f37574-e6a8-4a21-adde-2ef283fc5ebc,Gary Grant,2010-10-01,testdataloader
75e4978d-d5ac-4095-a553-241343886bf8,William Ross,2010-10-01,testdataloader
06cad4da-60e4-4fc6-8d9c-fd89bdaeb212,Michelle Shupack,2010-10-01,testdataloader